Gender,Age,Time
Male,36,2026-03-18 01:49:24
Male,59,2026-03-18 01:51:11
Male,59,2026-03-18 01:51:23
Male,36,2026-03-18 01:51:30
Male,53,2026-03-18 01:56:38
Male,46,2026-03-18 01:57:32
Male,44,2026-03-18 02:05:37
Male,36,2026-03-18 02:05:44
Male,38,2026-03-18 02:06:09
Male,56,2026-03-18 02:06:21
Male,62,2026-03-18 02:07:07
Male,67,2026-03-18 02:07:21
Male,63,2026-03-18 02:10:25
Male,58,2026-03-18 02:10:34
Male,61,2026-03-18 02:10:47
Male,71,2026-03-18 02:11:20
Male,68,2026-03-18 02:11:27
Male,54,2026-03-18 02:11:33
Male,61,2026-03-18 02:15:39
Male,56,2026-03-18 02:16:22
