Sign,Time
Yes,3/19/2026 2:59
Thanks,3/19/2026 2:59
Thanks,3/19/2026 2:59
Thanks,3/19/2026 2:59
No,3/19/2026 2:59
Hello,3/19/2026 2:59
Yes,3/19/2026 2:59
Yes,3/19/2026 2:59
Thanks,3/19/2026 2:59
Hello,3/19/2026 2:59
Hello,3/19/2026 2:59
Yes,3/19/2026 2:59
No,3/19/2026 2:59
Yes,3/19/2026 2:59
Yes,3/19/2026 2:59
Yes,3/19/2026 2:59
Thanks,3/19/2026 2:59
Yes,3/19/2026 2:59
Thanks,3/19/2026 2:59
Hello,3/19/2026 2:59
Yes,3/19/2026 2:59
Hello,3/19/2026 2:59
Yes,3/19/2026 2:59
Yes,3/19/2026 2:59
Thanks,3/19/2026 2:59
Hello,3/19/2026 2:59
Thanks,3/19/2026 2:59
Hello,3/19/2026 2:59
No,3/19/2026 2:59
Yes,3/19/2026 2:59
Yes,3/19/2026 2:59
Thanks,3/19/2026 2:59
Yes,3/19/2026 2:59
Yes,3/19/2026 2:59
Thanks,3/19/2026 2:59
Hello,3/19/2026 2:59
Hello,3/19/2026 2:59
Thanks,3/19/2026 2:59
Thanks,3/19/2026 3:02
Hello,3/19/2026 3:02
Hello 👋,2026-03-19 03:08:42
Yes 👍,2026-03-19 03:09:04
Hello 👋,2026-03-19 03:12:40
Yes 👍,2026-03-19 03:12:44
Hello 👋,2026-03-19 03:17:16
Hello 👋,2026-03-19 03:18:56
Yes 👍,2026-03-19 03:19:12
